{
    "speed_var_global": [
        1.8928532600402832,
        2.108125686645508,
        2.1688623428344727,
        1.958773136138916,
        1.9002461433410645,
        1.7474629878997803,
        1.616445779800415,
        1.9627270698547363,
        1.471418857574463,
        1.496726393699646,
        2.1398792266845703,
        2.0007636547088623,
        2.057194709777832,
        1.5683581829071045,
        1.7723264694213867,
        1.901147484779358,
        2.20566463470459,
        1.9151866436004639,
        2.0594420433044434,
        1.8881242275238037,
        1.8368334770202637,
        1.7710623741149902,
        1.9442152976989746,
        2.185516119003296,
        1.8774631023406982
    ],
    "speed_std_time_mean": [
        1.1594318151474,
        1.2089791297912598,
        1.239867925643921,
        1.137578010559082,
        1.1302275657653809,
        1.108342170715332,
        1.076341152191162,
        1.1482316255569458,
        0.9467231631278992,
        0.9685635566711426,
        1.1729069948196411,
        1.1210296154022217,
        1.2152032852172852,
        0.9983307123184204,
        1.0851643085479736,
        1.1030930280685425,
        1.2160117626190186,
        1.0943362712860107,
        1.1937731504440308,
        1.166396141052246,
        1.0655333995819092,
        1.0868489742279053,
        1.1327805519104004,
        1.2118250131607056,
        1.0636699199676514
    ],
    "oscillation_amplitude": [
        10.99865436553955,
        11.167064666748047,
        12.38622760772705,
        11.496476173400879,
        11.339117050170898,
        11.503997802734375,
        10.822811126708984,
        10.256355285644531,
        11.038885116577148,
        10.601334571838379,
        11.042237281799316,
        11.380088806152344,
        10.77679443359375,
        10.071349143981934,
        10.44437026977539,
        10.633125305175781,
        10.979048728942871,
        10.837139129638672,
        11.050152778625488,
        10.778069496154785,
        11.726791381835938,
        10.822978973388672,
        10.835225105285645,
        11.038005828857422,
        11.338905334472656
    ],
    "min_gap": [
        0.2999892234802246,
        0.29999423027038574,
        0.29999256134033203,
        0.29998779296875,
        0.2964043617248535,
        0.2999911308288574,
        0.2999911308288574,
        0.2999892234802246,
        0.2999906539916992,
        0.2727600336074829,
        0.29999208450317383,
        0.2999908924102783,
        0.29999256134033203,
        0.2999892234802246,
        0.5879652500152588,
        0.3642921447753906,
        0.2872958183288574,
        0.29999256134033203,
        0.2999906539916992,
        0.2999926805496216,
        0.2999906539916992,
        0.27890443801879883,
        0.2999892234802246,
        0.2997279167175293,
        0.2999892234802246
    ],
    "rms_acc": [
        0.520104706287384,
        0.5192394256591797,
        0.5173035860061646,
        0.5207134485244751,
        0.5209530591964722,
        0.516740083694458,
        0.5061953067779541,
        0.5141173601150513,
        0.5071651935577393,
        0.5075814723968506,
        0.4991135001182556,
        0.5021317601203918,
        0.50696861743927,
        0.49591949582099915,
        0.502657949924469,
        0.4993480443954468,
        0.5017132759094238,
        0.48999011516571045,
        0.492539644241333,
        0.4870072305202484,
        0.4840269088745117,
        0.4907965362071991,
        0.4808671474456787,
        0.4827215075492859,
        0.4725243151187897
    ],
    "rms_jerk": [
        6.765012741088867,
        6.745890140533447,
        6.683323860168457,
        6.8103413581848145,
        6.7150678634643555,
        6.7921037673950195,
        6.6058454513549805,
        6.728758811950684,
        6.777706623077393,
        6.7023024559021,
        6.438872337341309,
        6.543319225311279,
        6.480813026428223,
        6.496162414550781,
        6.521754741668701,
        6.489607334136963,
        6.394989967346191,
        6.258459091186523,
        6.179683685302734,
        6.246668815612793,
        6.2445268630981445,
        6.259304046630859,
        6.13003396987915,
        6.139622688293457,
        6.109476566314697
    ],
    "mean_speed": [
        3.744414806365967,
        3.643397808074951,
        3.605806827545166,
        3.7522478103637695,
        3.731459856033325,
        3.765664577484131,
        3.848968267440796,
        3.7237210273742676,
        3.9160194396972656,
        3.9146156311035156,
        3.6637625694274902,
        3.759148597717285,
        3.6814088821411133,
        3.8959877490997314,
        3.804011106491089,
        3.726163864135742,
        3.6021883487701416,
        3.7438769340515137,
        3.6713485717773438,
        3.7482786178588867,
        3.8123879432678223,
        3.785109519958496,
        3.703122615814209,
        3.649292469024658,
        3.7709732055664062
    ],
    "mean_speed_last100": [
        4.259491920471191,
        4.24498176574707,
        4.121919631958008,
        4.380109786987305,
        4.2973432540893555,
        4.154289245605469,
        4.251763343811035,
        4.180535316467285,
        4.456418037414551,
        4.3349833488464355,
        4.436469078063965,
        4.360827445983887,
        4.2569379806518555,
        4.47084379196167,
        4.3000993728637695,
        4.441697120666504,
        4.407800197601318,
        4.483151912689209,
        4.3021135330200195,
        4.238041877746582,
        4.3483076095581055,
        4.41283655166626,
        4.3311052322387695,
        4.345078945159912,
        4.480668544769287
    ]
}