{
    "speed_var_global": [
        2.0493507385253906,
        1.6799044609069824,
        1.5303806066513062,
        1.786327838897705,
        1.561423897743225,
        1.6254736185073853,
        1.7676550149917603,
        1.7742626667022705,
        2.103337287902832,
        2.2449796199798584,
        1.812493920326233,
        1.965261697769165,
        2.1034207344055176,
        1.8872325420379639,
        1.9485454559326172,
        2.0277833938598633,
        1.7025086879730225,
        2.2838144302368164,
        1.8497726917266846,
        1.8806908130645752,
        1.5631355047225952,
        1.7476189136505127,
        1.9986821413040161,
        1.7190011739730835,
        1.7618041038513184
    ],
    "speed_std_time_mean": [
        1.1626930236816406,
        1.0734171867370605,
        0.9928649663925171,
        1.0723998546600342,
        1.0145946741104126,
        1.035768747329712,
        1.1042417287826538,
        1.0701324939727783,
        1.2087007761001587,
        1.2231543064117432,
        1.034866213798523,
        1.12211012840271,
        1.193476676940918,
        1.1485319137573242,
        1.1345314979553223,
        1.1927002668380737,
        1.0338025093078613,
        1.2568881511688232,
        1.0694204568862915,
        1.1401009559631348,
        1.0132877826690674,
        1.078441858291626,
        1.1539113521575928,
        1.0529242753982544,
        1.0935488939285278
    ],
    "oscillation_amplitude": [
        11.996541976928711,
        10.646028518676758,
        11.138935089111328,
        10.768260955810547,
        11.85269832611084,
        11.701957702636719,
        11.005714416503906,
        11.320463180541992,
        10.58942985534668,
        11.194863319396973,
        10.827323913574219,
        11.630727767944336,
        11.705533981323242,
        11.185791969299316,
        11.003727912902832,
        11.649908065795898,
        11.122142791748047,
        10.86844253540039,
        11.010655403137207,
        11.073345184326172,
        10.853809356689453,
        11.613191604614258,
        11.39873218536377,
        11.655318260192871,
        10.745875358581543
    ],
    "min_gap": [
        0.2999725341796875,
        0.2999906539916992,
        0.2999892234802246,
        0.29998779296875,
        0.2833552360534668,
        0.2999892234802246,
        0.2999906539916992,
        0.29974663257598877,
        0.29999256134033203,
        0.2999906539916992,
        0.2997322082519531,
        0.2999906539916992,
        0.29975461959838867,
        0.29999208450317383,
        0.22409963607788086,
        0.2996540069580078,
        0.29999279975891113,
        0.2999911308288574,
        0.29964447021484375,
        0.29999256134033203,
        0.299993634223938,
        0.29999256134033203,
        0.2999897003173828,
        0.29988956451416016,
        0.25993871688842773
    ],
    "rms_acc": [
        0.4832035005092621,
        0.4938541650772095,
        0.5043615102767944,
        0.5187642574310303,
        0.520096480846405,
        0.5186048746109009,
        0.5152558088302612,
        0.5061966180801392,
        0.5159710049629211,
        0.5139293670654297,
        0.5046627521514893,
        0.5165255069732666,
        0.5180591344833374,
        0.506439208984375,
        0.5095520615577698,
        0.515058696269989,
        0.5111274123191833,
        0.5226413011550903,
        0.5132466554641724,
        0.5085246562957764,
        0.49915945529937744,
        0.4983047842979431,
        0.5105803608894348,
        0.5077682733535767,
        0.5114444494247437
    ],
    "rms_jerk": [
        6.129678726196289,
        6.443032264709473,
        6.747523307800293,
        6.865627288818359,
        6.958401679992676,
        6.8817033767700195,
        6.734576225280762,
        6.620779037475586,
        6.670019626617432,
        6.565256118774414,
        6.6407012939453125,
        6.7373151779174805,
        6.6778717041015625,
        6.51637077331543,
        6.612631320953369,
        6.688252925872803,
        6.7559661865234375,
        6.70690393447876,
        6.750798225402832,
        6.573092460632324,
        6.543318748474121,
        6.457427024841309,
        6.645216941833496,
        6.614790916442871,
        6.722540378570557
    ],
    "mean_speed": [
        3.7305684089660645,
        3.8532207012176514,
        3.905306100845337,
        3.8414218425750732,
        3.892317533493042,
        3.9386725425720215,
        3.820148229598999,
        3.789914608001709,
        3.6981201171875,
        3.6275320053100586,
        3.856800079345703,
        3.7510790824890137,
        3.7091763019561768,
        3.792532444000244,
        3.7507877349853516,
        3.737842559814453,
        3.84476637840271,
        3.6480748653411865,
        3.8239660263061523,
        3.7903494834899902,
        3.9654359817504883,
        3.8589231967926025,
        3.718639612197876,
        3.8434252738952637,
        3.852097988128662
    ],
    "mean_speed_last100": [
        4.175907135009766,
        4.343964576721191,
        4.297719955444336,
        4.508575916290283,
        4.2995452880859375,
        4.368884086608887,
        4.314355850219727,
        4.490645408630371,
        4.23624324798584,
        4.39914608001709,
        4.502097129821777,
        4.4155097007751465,
        4.440265655517578,
        4.438168525695801,
        4.333124160766602,
        4.349546909332275,
        4.541479110717773,
        4.375328540802002,
        4.473382949829102,
        4.238018989562988,
        4.543272972106934,
        4.360830307006836,
        4.266269683837891,
        4.314643859863281,
        4.17003059387207
    ]
}