method,episodes_completed,best_episode,best_speed_variance,final_speed_variance,last10_mean_speed_variance,last10_std_speed_variance,runtime_seconds
ppo,25,9,1.471418857574463,1.8774631023406982,1.958465540409088,0.13771009559129033,
sac,25,3,1.5303806066513062,1.7618041038513184,1.8534811854362487,0.19549810394123332,
