method,primary_metric,episodes_completed,best_episode,best_value,final_value,last10_mean,last10_std,runtime_seconds
ppo,training_objective,15,4,0.8763358272845208,0.8821000169183935,0.8848439472845688,0.0035273945920984195,
sac,training_objective,21,6,0.8708513254225195,0.8776229549417566,0.8818219305378368,0.006094684138504435,
